a_0,a_1,a_2,a_3,a_4,a_5,left_leg_sum,right_leg_sum,rep_mean,rep_sum,polar_coords
-1.0,-1.0,-1.0,-1.0,-1.0,-1.0,-3.0,-3.0,0.0061229016,1.5674628,1.0
-1.0,-1.0,-1.0,-1.0,-1.0,1.0,-3.0,-1.0,0.005922104,1.5160587,1.0
-1.0,-1.0,-1.0,-1.0,1.0,-1.0,-3.0,-1.0,0.006368763,1.6304033,1.0
-1.0,-1.0,-1.0,-1.0,1.0,1.0,-3.0,1.0,0.0062271277,1.5941447,1.0
-1.0,-1.0,-1.0,1.0,-1.0,-1.0,-3.0,-1.0,0.0059765447,1.5299954,1.0
-1.0,-1.0,-1.0,1.0,-1.0,1.0,-3.0,1.0,0.0058435993,1.4959614,1.0
-1.0,-1.0,-1.0,1.0,1.0,-1.0,-3.0,1.0,0.006181675,1.5825088,0.99999994
-1.0,-1.0,-1.0,1.0,1.0,1.0,-3.0,3.0,0.0060687056,1.5535886,1.0000001
-1.0,-1.0,1.0,-1.0,-1.0,-1.0,-1.0,-3.0,0.00610071,1.5617818,1.0
-1.0,-1.0,1.0,-1.0,-1.0,1.0,-1.0,-1.0,0.005908913,1.5126817,1.0
-1.0,-1.0,1.0,-1.0,1.0,-1.0,-1.0,-1.0,0.006366047,1.629708,0.99999994
-1.0,-1.0,1.0,-1.0,1.0,1.0,-1.0,1.0,0.006217046,1.5915638,0.99999994
-1.0,-1.0,1.0,1.0,-1.0,-1.0,-1.0,-1.0,0.0060331426,1.5444845,1.0
-1.0,-1.0,1.0,1.0,-1.0,1.0,-1.0,1.0,0.005886481,1.5069392,0.99999994
-1.0,-1.0,1.0,1.0,1.0,-1.0,-1.0,1.0,0.0062500983,1.6000252,0.99999994
-1.0,-1.0,1.0,1.0,1.0,1.0,-1.0,3.0,0.006129382,1.5691218,1.0
-1.0,1.0,-1.0,-1.0,-1.0,-1.0,-1.0,-3.0,0.0060359566,1.5452049,1.0
-1.0,1.0,-1.0,-1.0,-1.0,1.0,-1.0,-1.0,0.005997263,1.5352993,0.99999994
-1.0,1.0,-1.0,-1.0,1.0,-1.0,-1.0,-1.0,0.0063159685,1.6168879,1.0
-1.0,1.0,-1.0,-1.0,1.0,1.0,-1.0,1.0,0.0062458133,1.5989282,0.99999994
-1.0,1.0,-1.0,1.0,-1.0,-1.0,-1.0,-1.0,0.0060186544,1.5407755,1.0
-1.0,1.0,-1.0,1.0,-1.0,1.0,-1.0,1.0,0.0059574363,1.5251037,1.0
-1.0,1.0,-1.0,1.0,1.0,-1.0,-1.0,1.0,0.0061796824,1.5819987,1.0
-1.0,1.0,-1.0,1.0,1.0,1.0,-1.0,3.0,0.006148898,1.5741179,1.0
-1.0,1.0,1.0,-1.0,-1.0,-1.0,1.0,-3.0,0.006043175,1.5470527,1.0
-1.0,1.0,1.0,-1.0,-1.0,1.0,1.0,-1.0,0.006003311,1.5368476,1.0
-1.0,1.0,1.0,-1.0,1.0,-1.0,1.0,-1.0,0.0063597355,1.6280923,1.0
-1.0,1.0,1.0,-1.0,1.0,1.0,1.0,1.0,0.006297116,1.6120617,1.0
-1.0,1.0,1.0,1.0,-1.0,-1.0,1.0,-1.0,0.0061375573,1.5712147,1.0
-1.0,1.0,1.0,1.0,-1.0,1.0,1.0,1.0,0.005983622,1.5318072,1.0
-1.0,1.0,1.0,1.0,1.0,-1.0,1.0,1.0,0.006264247,1.6036472,1.0
-1.0,1.0,1.0,1.0,1.0,1.0,1.0,3.0,0.006251586,1.600406,1.0
1.0,-1.0,-1.0,-1.0,-1.0,-1.0,-1.0,-3.0,0.0059603946,1.525861,1.0
1.0,-1.0,-1.0,-1.0,-1.0,1.0,-1.0,-1.0,0.0058258804,1.4914254,1.0
1.0,-1.0,-1.0,-1.0,1.0,-1.0,-1.0,-1.0,0.0061843423,1.5831916,1.0
1.0,-1.0,-1.0,-1.0,1.0,1.0,-1.0,1.0,0.006063712,1.5523102,1.0
1.0,-1.0,-1.0,1.0,-1.0,-1.0,-1.0,-1.0,0.005945009,1.5219223,0.9999999
1.0,-1.0,-1.0,1.0,-1.0,1.0,-1.0,1.0,0.005809034,1.4871128,0.99999994
1.0,-1.0,-1.0,1.0,1.0,-1.0,-1.0,1.0,0.0061430866,1.5726302,0.99999994
1.0,-1.0,-1.0,1.0,1.0,1.0,-1.0,3.0,0.006064442,1.5524971,1.0
1.0,-1.0,1.0,-1.0,-1.0,-1.0,1.0,-3.0,0.0060112113,1.5388701,0.99999994
1.0,-1.0,1.0,-1.0,-1.0,1.0,1.0,-1.0,0.0058585336,1.4997846,1.0
1.0,-1.0,1.0,-1.0,1.0,-1.0,1.0,-1.0,0.0061915666,1.585041,0.99999994
1.0,-1.0,1.0,-1.0,1.0,1.0,1.0,1.0,0.0060609384,1.5516002,0.99999994
1.0,-1.0,1.0,1.0,-1.0,-1.0,1.0,-1.0,0.006010852,1.5387781,0.99999994
1.0,-1.0,1.0,1.0,-1.0,1.0,1.0,1.0,0.0058998424,1.5103596,1.0
1.0,-1.0,1.0,1.0,1.0,-1.0,1.0,1.0,0.0062084273,1.5893574,0.99999994
1.0,-1.0,1.0,1.0,1.0,1.0,1.0,3.0,0.0061225994,1.5673854,1.0
1.0,1.0,-1.0,-1.0,-1.0,-1.0,1.0,-3.0,0.0060135354,1.5394651,0.99999994
1.0,1.0,-1.0,-1.0,-1.0,1.0,1.0,-1.0,0.0059304927,1.5182061,0.99999994
1.0,1.0,-1.0,-1.0,1.0,-1.0,1.0,-1.0,0.0062379697,1.5969203,1.0
1.0,1.0,-1.0,-1.0,1.0,1.0,1.0,1.0,0.0061965818,1.5863249,0.99999994
1.0,1.0,-1.0,1.0,-1.0,-1.0,1.0,-1.0,0.005925195,1.5168499,1.0
1.0,1.0,-1.0,1.0,-1.0,1.0,1.0,1.0,0.005845042,1.4963307,0.99999994
1.0,1.0,-1.0,1.0,1.0,-1.0,1.0,1.0,0.0061493376,1.5742304,1.0
1.0,1.0,-1.0,1.0,1.0,1.0,1.0,3.0,0.00612857,1.5689139,1.0
1.0,1.0,1.0,-1.0,-1.0,-1.0,3.0,-3.0,0.006051176,1.5491011,1.0
1.0,1.0,1.0,-1.0,-1.0,1.0,3.0,-1.0,0.005945609,1.5220759,1.0
1.0,1.0,1.0,-1.0,1.0,-1.0,3.0,-1.0,0.006272717,1.6058155,0.99999994
1.0,1.0,1.0,-1.0,1.0,1.0,3.0,1.0,0.006203417,1.5880748,1.0
1.0,1.0,1.0,1.0,-1.0,-1.0,3.0,-1.0,0.0060195476,1.5410042,0.99999994
1.0,1.0,1.0,1.0,-1.0,1.0,3.0,1.0,0.0059454013,1.5220227,1.0
1.0,1.0,1.0,1.0,1.0,-1.0,3.0,1.0,0.006232908,1.5956244,1.0
1.0,1.0,1.0,1.0,1.0,1.0,3.0,3.0,0.0062312772,1.595207,0.99999994
